Date|Score|Title|Permalink|ID|Scraped?
2024-09-11|3129|Americans, has the debate swayed the way you had planned on voting and why?|/r/AskReddit/comments/1fdze3z/americans_has_the_debate_swayed_the_way_you_had/|1fdze3z|True
2024-09-11|30|How did you leave that one toxic relationship?|/r/AskReddit/comments/1fead4g/how_did_you_leave_that_one_toxic_relationship/|1fead4g|True
2024-09-11|63|If you could talk to an important person in your life from the past but haven't done so yet, who would it be then?|/r/AskReddit/comments/1fe8t46/if_you_could_talk_to_an_important_person_in_your/|1fe8t46|True
2024-09-11|75|If you could tell your past self one thing, what would it be?|/r/AskReddit/comments/1fe5tnk/if_you_could_tell_your_past_self_one_thing_what/|1fe5tnk|True
2024-09-11|97|Of all the ways to die, which one do you fear the most?|/r/AskReddit/comments/1fe6ju9/of_all_the_ways_to_die_which_one_do_you_fear_the/|1fe6ju9|True
2024-09-07|43|Reddit. If you could remove 1 thing from the world to never come back. What would it be?|/r/AskReddit/comments/1faniw9/reddit_if_you_could_remove_1_thing_from_the_world/|1faniw9|True
2024-09-11|42|Those alive during 9/11, what was the worst moment on that day?|/r/AskReddit/comments/1fe6vn1/those_alive_during_911_what_was_the_worst_moment/|1fe6vn1|True
2024-09-11|74|What are some of the most important factors to consider when making a major life decision?|/r/AskReddit/comments/1fe3r9c/what_are_some_of_the_most_important_factors_to/|1fe3r9c|True
2024-09-11|13535|What are your thoughts on the Harris and Trump debate?|/r/AskReddit/comments/1fdzlgl/what_are_your_thoughts_on_the_harris_and_trump/|1fdzlgl|True
2024-09-11|415|What do you do when you are very misunderstood by others and you can fit in the world ?|/r/AskReddit/comments/1fe57fy/what_do_you_do_when_you_are_very_misunderstood_by/|1fe57fy|True
2024-09-07|63|What do you receive the most compliments on?|/r/AskReddit/comments/1fajqvz/what_do_you_receive_the_most_compliments_on/|1fajqvz|True
2024-09-11|24531|What free things online should everyone take  advantage of?|/r/AskReddit/comments/1fddksb/what_free_things_online_should_everyone_take/|1fddksb|True
2024-09-11|66|What gives you the motivation in life to wake up every morning and get to the grind?|/r/AskReddit/comments/1feac15/what_gives_you_the_motivation_in_life_to_wake_up/|1feac15|True
2024-09-07|915|What improved your mental health?|/r/AskReddit/comments/1fa5pbx/what_improved_your_mental_health/|1fa5pbx|True
2024-09-07|3424|What is something that is conventionally unattractive, but you consider extremely attractive?|/r/AskReddit/comments/1f9ylvw/what_is_something_that_is_conventionally/|1f9ylvw|True
2024-09-07|80|What is the best piece of advice you could give a 20 year old college student right now?|/r/AskReddit/comments/1fahe58/what_is_the_best_piece_of_advice_you_could_give_a/|1fahe58|True
2024-09-11|436|What is the worst thing that people can do for money, but totally legal? |/r/AskReddit/comments/1fdvzgk/what_is_the_worst_thing_that_people_can_do_for/|1fdvzgk|True
2024-09-07|176|What makes most people quit diet?|/r/AskReddit/comments/1fail76/what_makes_most_people_quit_diet/|1fail76|True
2024-09-07|104|What makes you happy instantly?|/r/AskReddit/comments/1faklyp/what_makes_you_happy_instantly/|1faklyp|True
2024-09-11|31|What myth is widely circulated as truth?|/r/AskReddit/comments/1fea4t0/what_myth_is_widely_circulated_as_truth/|1fea4t0|True
2024-09-07|134|What stereotypes are said about Canada in your country? |/r/AskReddit/comments/1faesu2/what_stereotypes_are_said_about_canada_in_your/|1faesu2|True
2024-09-07|1372|What type of job seems appealing but ends up being quite disappointing?|/r/AskReddit/comments/1fahqrz/what_type_of_job_seems_appealing_but_ends_up/|1fahqrz|True
2024-09-11|28|What was the happiest moment of your life?|/r/AskReddit/comments/1feacrn/what_was_the_happiest_moment_of_your_life/|1feacrn|True
2024-09-11|431|What's a lesson you learned from a moment of unexpected challenge?|/r/AskReddit/comments/1fe4u6o/whats_a_lesson_you_learned_from_a_moment_of/|1fe4u6o|True
2024-09-11|749|What's a scary reality that most people do not care much about?|/r/AskReddit/comments/1fe5jmw/whats_a_scary_reality_that_most_people_do_not/|1fe5jmw|True
2024-09-07|27|What's one secret you learned about your SO/partner that changed your relationship?|/r/AskReddit/comments/1far2vm/whats_one_secret_you_learned_about_your_sopartner/|1far2vm|True
2024-09-07|82|What's safe to say in one country but can get you killed in another?|/r/AskReddit/comments/1fahxfw/whats_safe_to_say_in_one_country_but_can_get_you/|1fahxfw|True
2024-09-07|29|What's the nastiest thing someone did to you on purpose?|/r/AskReddit/comments/1farcok/whats_the_nastiest_thing_someone_did_to_you_on/|1farcok|True
2024-09-11|212|What's your favorite way to spend a lazy Sunday afternoon?|/r/AskReddit/comments/1fe5abl/whats_your_favorite_way_to_spend_a_lazy_sunday/|1fe5abl|True
2024-09-07|28|What's your go to fun fact?|/r/AskReddit/comments/1far98w/whats_your_go_to_fun_fact/|1far98w|True
2024-09-11|1200|What’s a Trend You’re Totally Disappointed With?|/r/AskReddit/comments/1fdo9ab/whats_a_trend_youre_totally_disappointed_with/|1fdo9ab|True
2024-09-07|83|What’s an unwritten rule when dating you?|/r/AskReddit/comments/1fak2dl/whats_an_unwritten_rule_when_dating_you/|1fak2dl|True
2024-09-07|206|What’s the biggest lesson you’ve learned from failure?|/r/AskReddit/comments/1faigzg/whats_the_biggest_lesson_youve_learned_from/|1faigzg|True
2024-09-07|325|What’s the most important lesson you’ve learned the hard way that you wish you could pass on to everyone?|/r/AskReddit/comments/1fak1l2/whats_the_most_important_lesson_youve_learned_the/|1fak1l2|True
2024-09-07|330|What’s the most unbelievable story that’s happened to you?|/r/AskReddit/comments/1fadug7/whats_the_most_unbelievable_story_thats_happened/|1fadug7|True
2024-09-07|84|What’s the most underrated skill that everyone should learn?|/r/AskReddit/comments/1faiefs/whats_the_most_underrated_skill_that_everyone/|1faiefs|True
2024-09-11|492|What’s the one healthy snack that tastes so unreal, you start questioning reality itself?|/r/AskReddit/comments/1fdua90/whats_the_one_healthy_snack_that_tastes_so_unreal/|1fdua90|True
2024-09-07|62|When did you realize your friend is unable to keep a secret?|/r/AskReddit/comments/1famyyx/when_did_you_realize_your_friend_is_unable_to/|1famyyx|True
2024-09-07|85|When was the last time you were actually happy?|/r/AskReddit/comments/1faidgj/when_was_the_last_time_you_were_actually_happy/|1faidgj|True
2024-09-11|2560|Which YouTuber had the biggest fall from grace?|/r/AskReddit/comments/1fdqxfp/which_youtuber_had_the_biggest_fall_from_grace/|1fdqxfp|True
2024-09-07|3956|Who isn't as smart as people think?|/r/AskReddit/comments/1fabbom/who_isnt_as_smart_as_people_think/|1fabbom|True
2024-09-07|639|Who's isn't as dumb as majority of people think?|/r/AskReddit/comments/1fakx4t/whos_isnt_as_dumb_as_majority_of_people_think/|1fakx4t|True
2024-09-11|20|what was the last book or article you read and liked ?|/r/AskReddit/comments/1fealmh/what_was_the_last_book_or_article_you_read_and/|1fealmh|True
